{"cameraMode":{"drawMode":0,"name":"Shaded","section":"Shading Mode"},"sceneLighting":true,"audioPlay":false,"sceneViewState":{"m_AlwaysRefresh":false,"showFog":true,"showSkybox":true,"showFlares":true,"showImageEffects":true,"showParticleSystems":true,"showVisualEffectGraphs":true,"m_FxEnabled":true},"in2DMode":false,"pivot":{"x":140.82383728027345,"y":375.1512451171875,"z":-35.7867431640625},"rotation":{"x":-0.025450384244322778,"y":0.060545213520526889,"z":0.0015442371368408204,"w":0.9978395104408264},"size":593.0243530273438,"orthographic":true}